[
	{
		"Código":"5848",
		"Nombre":"Avenida Río Nalón ",
		"Dirección":"Avenida Río Nalón ",
		"C.P.":"30710",
		"Municipio":"Los Alcázares",
		"Pedanía":"LOS NAREJOS ",
		"Teléfono":"",
		"Fax":"",
		"Email":"",
		"URLReal":"",
		"URLCorta":"",
		"Latitud":"-0.8454331",
		"Longitud":"37.7539317"
	},
	{
		"Código":"1380",
		"Nombre":"Centro Comercial Atalayas",
		"Dirección":"C/ Molina de Segura, s/n",
		"C.P.":"",
		"Municipio":"Murcia",
		"Pedanía":"MURCIA",
		"Teléfono":"",
		"Fax":"",
		"Email":"",
		"URLReal":"http://www.centrocomercialatalayas.com/",
		"URLCorta":"http://www.centrocomercialatalayas.com",
		"Latitud":"4206820",
		"Longitud":"665753"
	},
	{
		"Código":"7103",
		"Nombre":"Centro Comercial Myrtea",
		"Dirección":"Avda. Severo Ochoa, s/n",
		"C.P.":"30100",
		"Municipio":"Murcia",
		"Pedanía":"EL PUNTAL ",
		"Teléfono":"968 816 800",
		"Fax":"",
		"Email":"",
		"URLReal":"https://ccmyrtea.com/",
		"URLCorta":"",
		"Latitud":"-1.164969",
		"Longitud":"38.016367"
	},
	{
		"Código":"1367",
		"Nombre":"Centro Comercial Parque Almenara",
		"Dirección":"Camino de en medio, s/n",
		"C.P.":"30813",
		"Municipio":"Lorca",
		"Pedanía":"CAMPILLO",
		"Teléfono":" T. 968 46 37 37",
		"Fax":"",
		"Email":" info@parquealmenara.com",
		"URLReal":"www.parquealmenara.com",
		"URLCorta":"",
		"Latitud":"-1.699318",
		"Longitud":"37.636766",
		"Foto 1":"http://www.murciaturistica.es/webs/murciaturistica/fotos/1/centros-comerciales/recurso-1-1367-2p_g.jpg",
		"Foto 2":"http://www.murciaturistica.es/webs/murciaturistica/fotos/1/centros-comerciales/recurso-1-1367-1p_g.jpg"
	},
	{
		"Código":"1371",
		"Nombre":"Centro Comercial Vega Plaza",
		"Dirección":"Avenida de Granada, s/n",
		"C.P.":"30500",
		"Municipio":"Molina de Segura",
		"Pedanía":"MOLINA DE SEGURA",
		"Teléfono":"",
		"Fax":"",
		"Email":"",
		"URLReal":"http://www.centrocomercialvegaplaza.com/",
		"URLCorta":"http://www.centrocomercialvegaplaza.com",
		"Latitud":"-1.216703",
		"Longitud":"38.055790",
		"Foto 1":"http://www.murciaturistica.es/webs/murciaturistica/fotos/1/centros-comerciales/recurso-1-1371-1_g.jpg"
	},
	{
		"Código":"1372",
		"Nombre":"Centro Comercial y de Ocio Águilas Plaza",
		"Dirección":"Avenida del hornillo, s/n",
		"C.P.":"30880",
		"Municipio":"Águilas",
		"Pedanía":"AGUILAS",
		"Teléfono":"968497977",
		"Fax":"",
		"Email":"info@aguilasplaza.com",
		"URLReal":"www.aguilasplaza.com",
		"URLCorta":"",
		"Latitud":"4141573",
		"Longitud":"627213",
		"Foto 1":"http://www.murciaturistica.es/webs/murciaturistica/fotos/1/centros-comerciales/recurso-1-1372-2p_g.jpg"
	},
	{
		"Código":"1383",
		"Nombre":"Centro Comercial y de Ocio Espacio Mediterráneo",
		"Dirección":"C/ Londres, s/n. Polígono Industrial Cabezo Beaza.",
		"C.P.":"",
		"Municipio":"Cartagena",
		"Pedanía":"CARTAGENA",
		"Teléfono":"",
		"Fax":"",
		"Email":"",
		"URLReal":"www.espaciomediterraneo.com",
		"URLCorta":"",
		"Latitud":"-0.949291",
		"Longitud":"37.626582",
		"Foto 1":"http://www.murciaturistica.es/webs/murciaturistica/fotos/1/centros-comerciales/recurso-1-1383-2p_g.jpg",
		"Foto 2":"http://www.murciaturistica.es/webs/murciaturistica/fotos/1/centros-comerciales/recurso-1-1383-1p_g.jpg"
	},
	{
		"Código":"1382",
		"Nombre":"Centro Comercial y de Ocio Las Velas",
		"Dirección":"C/ Catamarán, 1",
		"C.P.":"",
		"Municipio":"Los Alcázares",
		"Pedanía":"LOS NAREJOS ",
		"Teléfono":"",
		"Fax":"",
		"Email":"admincclasvelas@gmail.com",
		"URLReal":"http://www.arealosalcazares.net/localesalcazares/arealasvelas.htm",
		"URLCorta":"www.cclasvelas.com",
		"Latitud":"4181982",
		"Longitud":"690863"
	},
	{
		"Código":"1381",
		"Nombre":"Centro de Ocio Zigzag",
		"Dirección":"Avd/ Juan Carlos I, s/n",
		"C.P.":"30008",
		"Municipio":"Murcia",
		"Pedanía":"MURCIA",
		"Teléfono":"+34 968 90 44 22",
		"Fax":"",
		"Email":"info@zigzagmurcia.net",
		"URLReal":"http://zigzagmurcia.com/",
		"URLCorta":"http://zigzagmurcia.com/",
		"Latitud":"4207563",
		"Longitud":"663627",
		"Foto 1":"http://www.murciaturistica.es/webs/murciaturistica/fotos/1/centros-comerciales/recurso-1-1381-1p_g.jpg",
		"Foto 2":"http://www.murciaturistica.es/webs/murciaturistica/fotos/1/centros-comerciales/recurso-1-1381-2p_g.jpg",
		"Foto 3":"http://www.murciaturistica.es/webs/murciaturistica/fotos/1/centros-comerciales/recurso-1-1381-3p_g.jpg",
		"Foto 4":"http://www.murciaturistica.es/webs/murciaturistica/fotos/1/centros-comerciales/recurso-1-1381-4p_g.jpg",
		"Foto 5":"http://www.murciaturistica.es/webs/murciaturistica/fotos/1/centros-comerciales/recurso-1-1381-9p_g.jpg",
		"Foto 6":"http://www.murciaturistica.es/webs/murciaturistica/fotos/1/centros-comerciales/recurso-1-1381-6p_g.jpg",
		"Foto 7":"http://www.murciaturistica.es/webs/murciaturistica/fotos/1/centros-comerciales/recurso-1-1381-7p_g.jpg",
		"Foto 8":"http://www.murciaturistica.es/webs/murciaturistica/fotos/1/centros-comerciales/recurso-1-1381-8p_g.jpg",
		"Foto 9":"http://www.murciaturistica.es/webs/murciaturistica/fotos/1/centros-comerciales/recurso-1-1381-5p_g.jpg"
	},
	{
		"Código":"1373",
		"Nombre":"El Corte Inglés",
		"Dirección":"Alameda San Antón, s/n",
		"C.P.":"",
		"Municipio":"Cartagena",
		"Pedanía":"CARTAGENA",
		"Teléfono":"",
		"Fax":"",
		"Email":"",
		"URLReal":"http://www.elcorteingles.es/",
		"URLCorta":"",
		"Latitud":"-0.993607",
		"Longitud":"37.614144",
		"Foto 1":"http://www.murciaturistica.es/webs/murciaturistica/fotos/1/centros-comerciales/recurso-1-1373-1_g.jpg"
	},
	{
		"Código":"1375",
		"Nombre":"El Corte Inglés",
		"Dirección":"Gran Vía Escultor Francisco Salzillo",
		"C.P.":"",
		"Municipio":"Murcia",
		"Pedanía":"",
		"Teléfono":"968 298 050",
		"Fax":"",
		"Email":"",
		"URLReal":"http://www.elcorteingles.es/",
		"URLCorta":"",
		"Latitud":"4206374",
		"Longitud":"664167"
	},
	{
		"Código":"1376",
		"Nombre":"El Corte Inglés",
		"Dirección":"Avda. Libertad, 1",
		"C.P.":"",
		"Municipio":"Murcia",
		"Pedanía":"",
		"Teléfono":"",
		"Fax":"",
		"Email":"",
		"URLReal":"www.elcorteingles.es",
		"URLCorta":"",
		"Latitud":"4206498",
		"Longitud":"663898"
	},
	{
		"Código":"1370",
		"Nombre":"Parque Comercial La Noria (Outlet)",
		"Dirección":"A7 Dirección Andalucía. Salida 571",
		"C.P.":"30830",
		"Municipio":"Murcia",
		"Pedanía":"LA ÑORA ",
		"Teléfono":"968 605 075",
		"Fax":"",
		"Email":"info@lanoriaoutlet.es",
		"URLReal":"lanoriaoutlet.es/",
		"URLCorta":"",
		"Latitud":"-1.189005",
		"Longitud":"37.997556"
	},
	{
		"Código":"1378",
		"Nombre":"Parque Comercial Nueva Condomina",
		"Dirección":"Carretera Nacional A-7 salida D. Juan de Borbón",
		"C.P.":"",
		"Municipio":"Murcia",
		"Pedanía":"CHURRA",
		"Teléfono":"",
		"Fax":"",
		"Email":"infocc@ccnuevacondomina.com",
		"URLReal":"www.ccnuevacondomina.com",
		"URLCorta":"",
		"Latitud":"4212119",
		"Longitud":"662493"
	},
	{
		"Código":"1374",
		"Nombre":"Parque Comercial Thader",
		"Dirección":"Avda. Juan de Borbón, s/n",
		"C.P.":"",
		"Municipio":"Murcia",
		"Pedanía":"CHURRA",
		"Teléfono":"",
		"Fax":"",
		"Email":"thader.clientes@thader.net",
		"URLReal":"http://www.thader.net/",
		"URLCorta":"",
		"Latitud":"4211226",
		"Longitud":"662549"
	},
	{
		"Código":"5847",
		"Nombre":"Paseo Real de la Feria ",
		"Dirección":"Paseo Real de la Feria ",
		"C.P.":"30710",
		"Municipio":"Los Alcázares",
		"Pedanía":"LOS ALCÁZARES",
		"Teléfono":"",
		"Fax":"",
		"Email":"",
		"URLReal":"",
		"URLCorta":"",
		"Latitud":"-0.8519241",
		"Longitud":"37.7380612"
	},
	{
		"Código":"1377",
		"Nombre":"Supermercado El Corte Inglés",
		"Dirección":"Avda. de la Libertad, s/n.",
		"C.P.":"",
		"Municipio":"Murcia",
		"Pedanía":"",
		"Teléfono":"",
		"Fax":"",
		"Email":"",
		"URLReal":"",
		"URLCorta":"",
		"Latitud":"4206512",
		"Longitud":"663954"
	}
]